lag,correlation
-6,0.0756317346651438
-5,-0.16737721474122735
-4,-0.11983692751576833
-3,-0.12385118658371011
-2,0.08628220192212077
-1,0.020663322002088712
0,-0.09108707220437322
1,-0.13102896545817255
2,0.2116297601093592
3,-0.29660500203815826
4,-0.020374887721394636
5,-0.07759850642275182
6,0.12442741414141639
